,Name,URL,ratings,team_id
0,Wayne Hennessey,https://www.fotmob.com/players/36283/wayne-hennessey,6.61,10203
1,Keylor Navas,https://www.fotmob.com/players/51949/keylor-navas,6.45,10203
2,Jordan Smith,https://www.fotmob.com/players/711206/jordan-smith,,10203
3,Dean Henderson,https://www.fotmob.com/players/719330/dean-henderson,6.57,10203
4,Steve Cook,https://www.fotmob.com/players/156013/steve-cook,6.42,10203
5,Serge Aurier,https://www.fotmob.com/players/195299/serge-aurier,7.04,10203
6,Willy Boly,https://www.fotmob.com/players/246331/willy-boly,6.98,10203
7,Felipe,https://www.fotmob.com/players/268212/felipe,7.34,10203
8,Scott McKenna,https://www.fotmob.com/players/551805/scott-mckenna,6.41,10203
9,Harry Toffolo,https://www.fotmob.com/players/575804/harry-toffolo,6.56,10203
10,Moussa Niakhaté,https://www.fotmob.com/players/592102/moussa-niakhat,6.69,10203
11,Joe Worrall,https://www.fotmob.com/players/716687/joe-worrall,6.75,10203
12,Renan Lodi,https://www.fotmob.com/players/793876/renan-lodi,6.78,10203
13,Omar Richards,https://www.fotmob.com/players/798608/omar-richards,,10203
14,Jonathan Panzo,https://www.fotmob.com/players/955366/jonathan-panzo,,10203
15,Giulian Biancone,https://www.fotmob.com/players/990989/giulian-biancone,6.46,10203
16,Neco Williams,https://www.fotmob.com/players/1078788/neco-williams,6.85,10203
17,André Ayew,https://www.fotmob.com/players/95955/andr-ayew,6.1,10203
18,Jonjo Shelvey,https://www.fotmob.com/players/127130/jonjo-shelvey,6.28,10203
19,Cheikhou Kouyaté,https://www.fotmob.com/players/148302/cheikhou-kouyat,6.53,10203
20,Harry Arter,https://www.fotmob.com/players/155129/harry-arter,,10203
21,Jack Colback,https://www.fotmob.com/players/160243/jack-colback,6.53,10203
22,Remo Freuler,https://www.fotmob.com/players/201704/remo-freuler,6.74,10203
23,Jesse Lingard,https://www.fotmob.com/players/299215/jesse-lingard,6.4,10203
24,Cafu,https://www.fotmob.com/players/361768/cafu,,10203
25,Gustavo Scarpa,https://www.fotmob.com/players/544424/gustavo-scarpa,6.45,10203
26,Orel Mangala,https://www.fotmob.com/players/765693/orel-mangala,6.64,10203
27,Ryan Yates,https://www.fotmob.com/players/775614/ryan-yates,6.77,10203
28,Morgan Gibbs-White,https://www.fotmob.com/players/789502/morgan-gibbs-white,7.0,10203
29,Tyrese Fornah,https://www.fotmob.com/players/1123529/tyrese-fornah,,10203
30,Danilo,https://www.fotmob.com/players/1181700/danilo,6.99,10203
31,Lyle Taylor,https://www.fotmob.com/players/156937/lyle-taylor,,10203
32,Taiwo Awoniyi,https://www.fotmob.com/players/643717/taiwo-awoniyi,6.7,10203
33,Emmanuel Dennis,https://www.fotmob.com/players/769673/emmanuel-dennis,6.54,10203
34,Sam Surridge,https://www.fotmob.com/players/796747/sam-surridge,6.23,10203
35,Josh Bowler,https://www.fotmob.com/players/844937/josh-bowler,,10203
36,Brennan Johnson,https://www.fotmob.com/players/1076756/brennan-johnson,6.69,10203
37,Alex Mighten,https://www.fotmob.com/players/1081174/alex-mighten,,10203
0,Darren Randolph,https://www.fotmob.com/players/37780/darren-randolph,,8678
1,Neto,https://www.fotmob.com/players/176186/neto,6.79,8678
2,Mark Travers,https://www.fotmob.com/players/731855/mark-travers,6.13,8678
3,Will Dennis,https://www.fotmob.com/players/1096635/will-dennis,,8678
4,Adam Smith,https://www.fotmob.com/players/160447/adam-smith,6.52,8678
5,Ryan Fredericks,https://www.fotmob.com/players/194323/ryan-fredericks,6.21,8678
6,Jack Stacey,https://www.fotmob.com/players/564794/jack-stacey,6.14,8678
7,Marcos Senesi,https://www.fotmob.com/players/785411/marcos-senesi,6.75,8678
8,Lloyd Kelly,https://www.fotmob.com/players/819215/lloyd-kelly,6.8,8678
9,Chris Mepham,https://www.fotmob.com/players/819762/chris-mepham,6.46,8678
10,Matias Vina,https://www.fotmob.com/players/840184/matias-vina,6.71,8678
11,James Hill,https://www.fotmob.com/players/959407/james-hill,,8678
12,Jordan Zemura,https://www.fotmob.com/players/982633/jordan-zemura,6.71,8678
13,Illia Zabarnyi,https://www.fotmob.com/players/1140003/illia-zabarnyi,6.46,8678
14,Ben Greenwood,https://www.fotmob.com/players/1281465/ben-greenwood,,8678
15,Junior Stanislas,https://www.fotmob.com/players/160496/junior-stanislas,6.11,8678
16,Ryan Christie,https://www.fotmob.com/players/439369/ryan-christie,6.82,8678
17,Jefferson Lerma,https://www.fotmob.com/players/466672/jefferson-lerma,7.06,8678
18,Philip Billing,https://www.fotmob.com/players/532743/philip-billing,7.07,8678
19,Lewis Cook,https://www.fotmob.com/players/562724/lewis-cook,6.73,8678
20,Ben Pearson,https://www.fotmob.com/players/610267/ben-pearson,6.41,8678
21,Joe Rothwell,https://www.fotmob.com/players/613182/joe-rothwell,6.67,8678
22,Marcus Tavernier,https://www.fotmob.com/players/789630/marcus-tavernier,7.13,8678
23,Hamed Traorè,https://www.fotmob.com/players/875672/hamed-traor,6.98,8678
24,Gavin Kilkenny,https://www.fotmob.com/players/1086939/gavin-kilkenny,,8678
25,Jaidon Anthony,https://www.fotmob.com/players/1171140/jaidon-anthony,6.5,8678
26,Nathan Moriah-Welsh,https://www.fotmob.com/players/1239448/nathan-moriah-welsh,,8678
27,Jamal Lowe,https://www.fotmob.com/players/369754/jamal-lowe,5.99,8678
28,Kieffer Moore,https://www.fotmob.com/players/469202/kieffer-moore,6.34,8678
29,Dominic Solanke,https://www.fotmob.com/players/591734/dominic-solanke,6.72,8678
30,David Brooks,https://www.fotmob.com/players/674014/david-brooks,6.05,8678
31,Antoine Semenyo,https://www.fotmob.com/players/933576/antoine-semenyo,6.08,8678
32,Christian Saydee,https://www.fotmob.com/players/1116148/christian-saydee,,8678
33,Dango Ouattara,https://www.fotmob.com/players/1250253/dango-ouattara,6.95,8678
0,Alex Smithies,https://www.fotmob.com/players/103027/alex-smithies,,8197
1,Danny Ward,https://www.fotmob.com/players/254472/danny-ward,6.48,8197
2,Daniel Iversen,https://www.fotmob.com/players/617763/daniel-iversen,6.52,8197
3,Jonny Evans,https://www.fotmob.com/players/43248/jonny-evans,6.44,8197
4,Ryan Bertrand,https://www.fotmob.com/players/46010/ryan-bertrand,,8197
5,Jannik Vestergaard,https://www.fotmob.com/players/205893/jannik-vestergaard,,8197
6,Ricardo Pereira,https://www.fotmob.com/players/306128/ricardo-pereira,7.04,8197
7,Daniel Amartey,https://www.fotmob.com/players/436036/daniel-amartey,6.73,8197
8,Timothy Castagne,https://www.fotmob.com/players/465750/timothy-castagne,6.89,8197
9,Caglar Söyüncü,https://www.fotmob.com/players/602261/caglar-syüncü,7.01,8197
10,Harry Souttar,https://www.fotmob.com/players/671518/harry-souttar,6.84,8197
11,Wout Faes,https://www.fotmob.com/players/693678/wout-faes,6.81,8197
12,James Justin,https://www.fotmob.com/players/710158/james-justin,6.87,8197
13,Luke Thomas,https://www.fotmob.com/players/916332/luke-thomas,6.62,8197
14,Victor Kristiansen,https://www.fotmob.com/players/1211437/victor-kristiansen,6.62,8197
15,Nampalys Mendy,https://www.fotmob.com/players/210128/nampalys-mendy,6.54,8197
16,James Maddison,https://www.fotmob.com/players/493165/james-maddison,7.49,8197
17,Wilfred Ndidi,https://www.fotmob.com/players/533228/wilfred-ndidi,6.61,8197
18,Hamza Choudhury,https://www.fotmob.com/players/728123/hamza-choudhury,,8197
19,Boubakary Soumaré,https://www.fotmob.com/players/882401/boubakary-soumar,6.79,8197
20,Kiernan Dewsbury-Hall,https://www.fotmob.com/players/886016/kiernan-dewsbury-hall,7.01,8197
21,Marc Albrighton,https://www.fotmob.com/players/139671/marc-albrighton,6.66,8197
22,Dennis Praet,https://www.fotmob.com/players/282012/dennis-praet,6.34,8197
23,Jamie Vardy,https://www.fotmob.com/players/286119/jamie-vardy,6.37,8197
24,Kelechi Iheanacho,https://www.fotmob.com/players/643709/kelechi-iheanacho,6.55,8197
25,Patson Daka,https://www.fotmob.com/players/644459/patson-daka,6.51,8197
26,George Hirst,https://www.fotmob.com/players/750033/george-hirst,,8197
27,Harvey Barnes,https://www.fotmob.com/players/760359/harvey-barnes,6.8,8197
28,Tete,https://www.fotmob.com/players/1039534/tete,6.62,8197
0,Lukasz Fabianski,https://www.fotmob.com/players/30973/lukasz-fabianski,6.66,8654
1,Alphonse Areola,https://www.fotmob.com/players/210164/alphonse-areola,6.21,8654
2,Angelo Ogbonna,https://www.fotmob.com/players/49543/angelo-ogbonna,6.71,8654
3,Aaron Cresswell,https://www.fotmob.com/players/155782/aaron-cresswell,6.87,8654
4,Emerson,https://www.fotmob.com/players/267371/emerson,6.62,8654
5,Kurt Zouma,https://www.fotmob.com/players/281207/kurt-zouma,6.82,8654
6,Vladimir Coufal,https://www.fotmob.com/players/307317/vladimir-coufal,6.95,8654
7,Thilo Kehrer,https://www.fotmob.com/players/604088/thilo-kehrer,6.67,8654
8,Naif Aguerd,https://www.fotmob.com/players/617310/naif-aguerd,6.84,8654
9,Ben Johnson,https://www.fotmob.com/players/770267/ben-johnson,6.73,8654
10,Armstrong Oko-Flex,https://www.fotmob.com/players/1023017/armstrong-oko-flex,,8654
11,Manuel Lanzini,https://www.fotmob.com/players/210276/manuel-lanzini,6.17,8654
12,Tomas Soucek,https://www.fotmob.com/players/524437/tomas-soucek,6.81,8654
13,Declan Rice,https://www.fotmob.com/players/654096/declan-rice,7.4,8654
14,Lucas Paquetá,https://www.fotmob.com/players/766435/lucas-paquet,7.22,8654
15,Conor Coventry,https://www.fotmob.com/players/770256/conor-coventry,,8654
16,Flynn Downes,https://www.fotmob.com/players/844943/flynn-downes,6.31,8654
17,Michail Antonio,https://www.fotmob.com/players/158545/michail-antonio,6.42,8654
18,Danny Ings,https://www.fotmob.com/players/214426/danny-ings,6.65,8654
19,Maxwel Cornet,https://www.fotmob.com/players/426880/maxwel-cornet,6.2,8654
20,Said Benrahma,https://www.fotmob.com/players/491883/said-benrahma,6.91,8654
21,Jarrod Bowen,https://www.fotmob.com/players/523825/jarrod-bowen,6.97,8654
22,Pablo Fornals,https://www.fotmob.com/players/683450/pablo-fornals,6.71,8654
23,Gianluca Scamacca,https://www.fotmob.com/players/721089/gianluca-scamacca,6.55,8654
0,Wilfredo Caballero,https://www.fotmob.com/players/28955/wilfredo-caballero,,8466
1,Alex McCarthy,https://www.fotmob.com/players/119079/alex-mccarthy,5.84,8466
2,Gavin Bazunu,https://www.fotmob.com/players/939390/gavin-bazunu,6.48,8466
3,Jack Stephens,https://www.fotmob.com/players/215387/jack-stephens,6.71,8466
4,Jan Bednarek,https://www.fotmob.com/players/490868/jan-bednarek,6.64,8466
5,James Bree,https://www.fotmob.com/players/539939/james-bree,6.28,8466
6,Duje Caleta-Car,https://www.fotmob.com/players/557799/duje-caleta-car,6.84,8466
7,Lyanco,https://www.fotmob.com/players/654045/lyanco,6.66,8466
8,Kyle Walker-Peters,https://www.fotmob.com/players/734042/kyle-walker-peters,6.63,8466
9,Romain Perraud,https://www.fotmob.com/players/815465/romain-perraud,6.55,8466
10,Moussa Djenepo,https://www.fotmob.com/players/862645/moussa-djenepo,6.61,8466
11,Mohammed Salisu,https://www.fotmob.com/players/938247/mohammed-salisu,6.95,8466
12,Armel Bella-Kotchap,https://www.fotmob.com/players/951765/armel-bella-kotchap,6.94,8466
13,Valentino Livramento,https://www.fotmob.com/players/1107910/valentino-livramento,6.71,8466
14,Thierry Small,https://www.fotmob.com/players/1195277/thierry-small,,8466
15,Juan Larios,https://www.fotmob.com/players/1195885/juan-larios,6.4,8466
16,Stuart Armstrong,https://www.fotmob.com/players/237563/stuart-armstrong,6.53,8466
17,Mohamed Elyounoussi,https://www.fotmob.com/players/261936/mohamed-elyounoussi,6.57,8466
18,James Ward-Prowse,https://www.fotmob.com/players/279490/james-ward-prowse,7.22,8466
19,Joe Aribo,https://www.fotmob.com/players/798659/joe-aribo,6.66,8466
20,William Smallbone,https://www.fotmob.com/players/807925/william-smallbone,,8466
21,Ibrahima Diallo,https://www.fotmob.com/players/938539/ibrahima-diallo,6.6,8466
22,Kgaogelo Chauke,https://www.fotmob.com/players/1089762/kgaogelo-chauke,,8466
23,Carlos Alcaraz,https://www.fotmob.com/players/1128965/carlos-alcaraz,6.56,8466
24,Romeo Lavia,https://www.fotmob.com/players/1190867/romeo-lavia,6.97,8466
25,Theo Walcott,https://www.fotmob.com/players/31013/theo-walcott,6.58,8466
26,Mislav Orsic,https://www.fotmob.com/players/184595/mislav-orsic,,8466
27,Paul Onuachu,https://www.fotmob.com/players/412357/paul-onuachu,6.34,8466
28,Adam Armstrong,https://www.fotmob.com/players/519835/adam-armstrong,6.41,8466
29,Che Adams,https://www.fotmob.com/players/599353/che-adams,6.67,8466
30,Dan N'Lundulu,https://www.fotmob.com/players/789599/dan-nlundulu,,8466
31,Nathan Tella,https://www.fotmob.com/players/877700/nathan-tella,,8466
32,Kamaldeen Sulemana,https://www.fotmob.com/players/1130691/kamaldeen-sulemana,6.7,8466
33,Samuel Edozie,https://www.fotmob.com/players/1130774/samuel-edozie,6.41,8466
34,Sékou Mara,https://www.fotmob.com/players/1177312/skou-mara,6.25,8466
0,Robin Olsen,https://www.fotmob.com/players/120569/robin-olsen,6.7,10252
1,Jed Steer,https://www.fotmob.com/players/190142/jed-steer,,10252
2,Emiliano Martinez,https://www.fotmob.com/players/268375/emiliano-martinez,7.19,10252
3,Oliwier Zych,https://www.fotmob.com/players/1117055/oliwier-zych,,10252
4,Viljami Sinisalo,https://www.fotmob.com/players/1185782/viljami-sinisalo,,10252
5,Ashley Young,https://www.fotmob.com/players/23354/ashley-young,,10252
6,Lucas Digne,https://www.fotmob.com/players/210111/lucas-digne,6.95,10252
7,Kortney Hause,https://www.fotmob.com/players/364549/kortney-hause,6.56,10252
8,Tyrone Mings,https://www.fotmob.com/players/419664/tyrone-mings,,10252
9,Calum Chambers,https://www.fotmob.com/players/425255/calum-chambers,6.98,10252
10,Álex Moreno,https://www.fotmob.com/players/477588/lex-moreno,6.43,10252
11,Diego Carlos,https://www.fotmob.com/players/570434/diego-carlos,6.95,10252
12,Ezri Konsa,https://www.fotmob.com/players/710159/ezri-konsa,6.58,10252
13,Matty Cash,https://www.fotmob.com/players/729731/matty-cash,6.87,10252
14,Philippe Coutinho,https://www.fotmob.com/players/184536/philippe-coutinho,6.85,10252
15,John McGinn,https://www.fotmob.com/players/356406/john-mcginn,6.53,10252
16,Leander Dendoncker,https://www.fotmob.com/players/424129/leander-dendoncker,7.12,10252
17,Youri Tielemans,https://www.fotmob.com/players/465960/youri-tielemans,6.58,10252
18,Marvelous Nakamba,https://www.fotmob.com/players/541330/marvelous-nakamba,7.23,10252
19,Emiliano Buendia,https://www.fotmob.com/players/610184/emiliano-buendia,,10252
20,Douglas Luiz,https://www.fotmob.com/players/787350/douglas-luiz,6.82,10252
21,Boubacar Kamara,https://www.fotmob.com/players/816325/boubacar-kamara,7.31,10252
22,Jacob Ramsey,https://www.fotmob.com/players/1021929/jacob-ramsey,6.89,10252
23,Tim Iroegbunam,https://www.fotmob.com/players/1203512/tim-iroegbunam,7.14,10252
24,Bertrand Traoré,https://www.fotmob.com/players/303059/bertrand-traor,,10252
25,Ollie Watkins,https://www.fotmob.com/players/540088/ollie-watkins,6.2,10252
26,Leon Bailey,https://www.fotmob.com/players/671331/leon-bailey,7.11,10252
27,Keinan Davis,https://www.fotmob.com/players/724368/keinan-davis,6.55,10252
28,Cameron Archer,https://www.fotmob.com/players/1086647/cameron-archer,,10252
29,Jhon Duran,https://www.fotmob.com/players/1088066/jhon-duran,,10252
0,Tom Heaton,https://www.fotmob.com/players/24155/tom-heaton,,10260
1,David De Gea,https://www.fotmob.com/players/182917/david-de-gea,6.83,10260
2,Jack Butland,https://www.fotmob.com/players/288880/jack-butland,,10260
3,Phil Jones,https://www.fotmob.com/players/186137/phil-jones,,10260
4,Raphaël Varane,https://www.fotmob.com/players/230982/raphal-varane,6.89,10260
5,Harry Maguire,https://www.fotmob.com/players/255610/harry-maguire,7.04,10260
6,Victor Nilsson Lindelöf,https://www.fotmob.com/players/258269/victor-nilsson-lindelf,7.15,10260
7,Luke Shaw,https://www.fotmob.com/players/362694/luke-shaw,7.21,10260
8,Axel Tuanzebe,https://www.fotmob.com/players/690149/axel-tuanzebe,,10260
9,Diogo Dalot,https://www.fotmob.com/players/751550/diogo-dalot,7.32,10260
10,Aaron Wan-Bissaka,https://www.fotmob.com/players/760320/aaron-wan-bissaka,7.2,10260
11,Lisandro Martinez,https://www.fotmob.com/players/847983/lisandro-martinez,7.1,10260
12,Tyrell Malacia,https://www.fotmob.com/players/865118/tyrell-malacia,6.99,10260
13,Brandon Williams,https://www.fotmob.com/players/1077907/brandon-williams,,10260
14,Álvaro Fernández,https://www.fotmob.com/players/1190025/lvaro-fernández,,10260
15,Christian Eriksen,https://www.fotmob.com/players/157723/christian-eriksen,7.11,10260
16,Casemiro,https://www.fotmob.com/players/208494/casemiro,7.42,10260
17,Marcel Sabitzer,https://www.fotmob.com/players/215151/marcel-sabitzer,6.97,10260
18,Fred,https://www.fotmob.com/players/322049/fred,6.81,10260
19,Bruno Fernandes,https://www.fotmob.com/players/422685/bruno-fernandes,7.8,10260
20,Donny van de Beek,https://www.fotmob.com/players/612836/donny-van-de-beek,6.34,10260
21,Scott McTominay,https://www.fotmob.com/players/843099/scott-mctominay,6.77,10260
22,Hannibal Mejbri,https://www.fotmob.com/players/1113785/hannibal-mejbri,,10260
23,Shola Shoretire,https://www.fotmob.com/players/1189627/shola-shoretire,,10260
24,Kobbie Mainoo,https://www.fotmob.com/players/1292810/kobbie-mainoo,5.97,10260
25,Wout Weghorst,https://www.fotmob.com/players/351999/wout-weghorst,6.44,10260
26,Anthony Martial,https://www.fotmob.com/players/413557/anthony-martial,6.85,10260
27,Marcus Rashford,https://www.fotmob.com/players/696365/marcus-rashford,7.35,10260
28,Jadon Sancho,https://www.fotmob.com/players/846381/jadon-sancho,7.26,10260
29,Mason Greenwood,https://www.fotmob.com/players/950473/mason-greenwood,,10260
30,Antony,https://www.fotmob.com/players/967622/antony,7.21,10260
31,Anthony Elanga,https://www.fotmob.com/players/1050166/anthony-elanga,6.52,10260
32,Amad Diallo,https://www.fotmob.com/players/1070052/amad-diallo,,10260
33,Facundo Pellistri,https://www.fotmob.com/players/1073402/facundo-pellistri,6.04,10260
34,Alejandro Garnacho,https://www.fotmob.com/players/1203665/alejandro-garnacho,6.49,10260
0,Daniel Bentley,https://www.fotmob.com/players/189103/daniel-bentley,6.92,8602
1,José Sá,https://www.fotmob.com/players/416175/jos-sá,6.56,8602
2,Matija Sarkic,https://www.fotmob.com/players/674115/matija-sarkic,,8602
3,Louie Moulden,https://www.fotmob.com/players/997557/louie-moulden,,8602
4,Craig Dawson,https://www.fotmob.com/players/169162/craig-dawson,6.76,8602
5,Jonny,https://www.fotmob.com/players/360918/jonny,6.7,8602
6,Nélson Semedo,https://www.fotmob.com/players/470834/nlson-semedo,6.72,8602
7,Max Kilman,https://www.fotmob.com/players/865931/max-kilman,6.79,8602
8,Rayan Ait Nouri,https://www.fotmob.com/players/933845/rayan-ait-nouri,6.7,8602
9,Nathan Collins,https://www.fotmob.com/players/961306/nathan-collins,6.57,8602
10,Ki-Jana Hoever,https://www.fotmob.com/players/1010733/ki-jana-hoever,,8602
11,Toti Gomes,https://www.fotmob.com/players/1013277/toti-gomes,6.81,8602
12,Hugo Bueno,https://www.fotmob.com/players/1116391/hugo-bueno,6.55,8602
13,Nigel Lonwijk,https://www.fotmob.com/players/1189622/nigel-lonwijk,,8602
14,Joao Moutinho,https://www.fotmob.com/players/37549/joao-moutinho,6.74,8602
15,Mario Lemina,https://www.fotmob.com/players/421786/mario-lemina,6.83,8602
16,Ruben Neves,https://www.fotmob.com/players/534684/ruben-neves,7.34,8602
17,Matheus Nunes,https://www.fotmob.com/players/955529/matheus-nunes,6.83,8602
18,Luke Cundle,https://www.fotmob.com/players/968944/luke-cundle,,8602
19,Boubacar Traore,https://www.fotmob.com/players/1054122/boubacar-traore,6.57,8602
20,Joe Hodge,https://www.fotmob.com/players/1070794/joe-hodge,6.38,8602
21,Chiquinho,https://www.fotmob.com/players/1127007/chiquinho,,8602
22,Joao Gomes,https://www.fotmob.com/players/1174672/joao-gomes,6.95,8602
23,Mackenzie Bradbury,https://www.fotmob.com/players/1467041/mackenzie-bradbury,,8602
24,Diego Costa,https://www.fotmob.com/players/19243/diego-costa,6.14,8602
25,Pablo Sarabia,https://www.fotmob.com/players/240054/pablo-sarabia,6.49,8602
26,Raul Jiménez,https://www.fotmob.com/players/292313/raul-jimnez,6.39,8602
27,Adama Traoré,https://www.fotmob.com/players/493647/adama-traor,6.6,8602
28,Daniel Podence,https://www.fotmob.com/players/524435/daniel-podence,6.71,8602
29,Hee-Chan Hwang,https://www.fotmob.com/players/620026/hee-chan-hwang,6.45,8602
30,Pedro Neto,https://www.fotmob.com/players/843040/pedro-neto,6.59,8602
31,Sasa Kalajdzic,https://www.fotmob.com/players/858198/sasa-kalajdzic,6.55,8602
32,Matheus Cunha,https://www.fotmob.com/players/863098/matheus-cunha,6.73,8602
0,Andy Lonergan,https://www.fotmob.com/players/23184/andy-lonergan,,8668
1,Asmir Begovic,https://www.fotmob.com/players/46518/asmir-begovic,7.91,8668
2,Jordan Pickford,https://www.fotmob.com/players/303919/jordan-pickford,6.69,8668
3,Seamus Coleman,https://www.fotmob.com/players/77690/seamus-coleman,6.82,8668
4,James Tarkowski,https://www.fotmob.com/players/243138/james-tarkowski,6.98,8668
5,Conor Coady,https://www.fotmob.com/players/247761/conor-coady,6.67,8668
6,Michael Keane,https://www.fotmob.com/players/290410/michael-keane,6.98,8668
7,Yerry Mina,https://www.fotmob.com/players/496042/yerry-mina,7.27,8668
8,Mason Holgate,https://www.fotmob.com/players/603329/mason-holgate,6.59,8668
9,Ben Godfrey,https://www.fotmob.com/players/662936/ben-godfrey,6.46,8668
10,Ruben Vinagre,https://www.fotmob.com/players/862467/ruben-vinagre,6.26,8668
11,Vitalii Mykolenko,https://www.fotmob.com/players/874025/vitalii-mykolenko,6.8,8668
12,Nathan Patterson,https://www.fotmob.com/players/1112684/nathan-patterson,6.68,8668
13,Idrissa Gana Gueye,https://www.fotmob.com/players/179410/idrissa-gana-gueye,7.13,8668
14,Abdoulaye Doucouré,https://www.fotmob.com/players/352887/abdoulaye-doucour,6.96,8668
15,Alex Iwobi,https://www.fotmob.com/players/604785/alex-iwobi,7.27,8668
16,Tom Davies,https://www.fotmob.com/players/742405/tom-davies,6.3,8668
17,James Garner,https://www.fotmob.com/players/950474/james-garner,6.77,8668
18,Lewis Warrington,https://www.fotmob.com/players/1113906/lewis-warrington,,8668
19,Amadou Onana,https://www.fotmob.com/players/1185748/amadou-onana,7.01,8668
20,Andros Townsend,https://www.fotmob.com/players/166422/andros-townsend,,8668
21,Neal Maupay,https://www.fotmob.com/players/391064/neal-maupay,6.27,8668
22,Demarai Gray,https://www.fotmob.com/players/492586/demarai-gray,6.71,8668
23,Dominic Calvert-Lewin,https://www.fotmob.com/players/612150/dominic-calvert-lewin,6.61,8668
24,Dwight McNeil,https://www.fotmob.com/players/939542/dwight-mcneil,7.12,8668
25,Ellis Simms,https://www.fotmob.com/players/982284/ellis-simms,6.24,8668
0,Martin Dubravka,https://www.fotmob.com/players/72241/martin-dubravka,6.86,10261
1,Karl Darlow,https://www.fotmob.com/players/163604/karl-darlow,,10261
2,Mark Gillespie,https://www.fotmob.com/players/195668/mark-gillespie,,10261
3,Nick Pope,https://www.fotmob.com/players/280484/nick-pope,7.02,10261
4,Loris Karius,https://www.fotmob.com/players/287894/loris-karius,,10261
5,Daniel Burn,https://www.fotmob.com/players/188058/daniel-burn,7.03,10261
6,Fabian Schär,https://www.fotmob.com/players/189982/fabian-schr,7.35,10261
7,Kieran Trippier,https://www.fotmob.com/players/191869/kieran-trippier,7.74,10261
8,Emil Krafth,https://www.fotmob.com/players/259306/emil-krafth,,10261
9,Jamaal Lascelles,https://www.fotmob.com/players/279489/jamaal-lascelles,6.1,10261
10,Javier Manquillo,https://www.fotmob.com/players/299984/javier-manquillo,6.48,10261
11,Paul Dummett,https://www.fotmob.com/players/308932/paul-dummett,,10261
12,Matt Targett,https://www.fotmob.com/players/538112/matt-targett,6.83,10261
13,Jamal Lewis,https://www.fotmob.com/players/864983/jamal-lewis,,10261
14,Sven Botman,https://www.fotmob.com/players/956682/sven-botman,7.05,10261
15,Kelland Watts,https://www.fotmob.com/players/961329/kelland-watts,,10261
16,Harrison Ashby,https://www.fotmob.com/players/1111611/harrison-ashby,,10261
17,Isaac Hayden,https://www.fotmob.com/players/489627/isaac-hayden,,10261
18,Joelinton,https://www.fotmob.com/players/535936/joelinton,7.44,10261
19,Sean Longstaff,https://www.fotmob.com/players/820024/sean-longstaff,6.89,10261
20,Bruno Guimaraes,https://www.fotmob.com/players/850354/bruno-guimaraes,7.61,10261
21,Joseph Willock,https://www.fotmob.com/players/860975/joseph-willock,7.09,10261
22,Matthew Longstaff,https://www.fotmob.com/players/961343/matthew-longstaff,,10261
23,Elliot Anderson,https://www.fotmob.com/players/1089691/elliot-anderson,6.44,10261
24,Garang Kuol,https://www.fotmob.com/players/1324022/garang-kuol,,10261
25,Matt Ritchie,https://www.fotmob.com/players/155913/matt-ritchie,6.72,10261
26,Chris Wood,https://www.fotmob.com/players/169719/chris-wood,6.48,10261
27,Callum Wilson,https://www.fotmob.com/players/184321/callum-wilson,7.08,10261
28,Ryan Fraser,https://www.fotmob.com/players/230916/ryan-fraser,6.46,10261
29,Miguel Almiron,https://www.fotmob.com/players/442277/miguel-almiron,7.26,10261
30,Allan Saint-Maximin,https://www.fotmob.com/players/466482/allan-saint-maximin,7.08,10261
31,Jacob Murphy,https://www.fotmob.com/players/521148/jacob-murphy,6.69,10261
32,Alexander Isak,https://www.fotmob.com/players/690107/alexander-isak,7.12,10261
33,Anthony Gordon,https://www.fotmob.com/players/906937/anthony-gordon,6.61,10261
0,Bernd Leno,https://www.fotmob.com/players/215168/bernd-leno,7.02,9879
1,Marek Rodak,https://www.fotmob.com/players/605643/marek-rodak,6.3,9879
2,Cédric Soares,https://www.fotmob.com/players/160627/cdric-soares,6.74,9879
3,Shane Duffy,https://www.fotmob.com/players/174325/shane-duffy,5.48,9879
4,Tim Ream,https://www.fotmob.com/players/198444/tim-ream,6.98,9879
5,Layvin Kurzawa,https://www.fotmob.com/players/215798/layvin-kurzawa,6.02,9879
6,Kenny Tete,https://www.fotmob.com/players/469804/kenny-tete,7.26,9879
7,Antonee Robinson,https://www.fotmob.com/players/662428/antonee-robinson,7.12,9879
8,Tosin Adarabioyo,https://www.fotmob.com/players/683402/tosin-adarabioyo,6.96,9879
9,Issa Diop,https://www.fotmob.com/players/696443/issa-diop,6.92,9879
10,Steven Sessegnon,https://www.fotmob.com/players/866687/steven-sessegnon,,9879
11,Tom Cairney,https://www.fotmob.com/players/182962/tom-cairney,6.54,9879
12,Harrison Reed,https://www.fotmob.com/players/502420/harrison-reed,6.74,9879
13,Joao Palhinha,https://www.fotmob.com/players/524434/joao-palhinha,7.19,9879
14,Sasa Lukic,https://www.fotmob.com/players/556972/sasa-lukic,6.37,9879
15,Andreas Pereira,https://www.fotmob.com/players/575779/andreas-pereira,6.86,9879
16,Tyrese Francois,https://www.fotmob.com/players/894805/tyrese-francois,,9879
17,Willian,https://www.fotmob.com/players/94086/willian,7.31,9879
18,Anthony Knockaert,https://www.fotmob.com/players/202562/anthony-knockaert,,9879
19,Neeskens Kebano,https://www.fotmob.com/players/240478/neeskens-kebano,6.72,9879
20,Bobby Reid,https://www.fotmob.com/players/262550/bobby-reid,6.69,9879
21,Aleksandar Mitrovic,https://www.fotmob.com/players/351860/aleksandar-mitrovic,7.05,9879
22,Harry Wilson,https://www.fotmob.com/players/494417/harry-wilson,6.78,9879
23,Vinicius,https://www.fotmob.com/players/866201/vinicius,6.47,9879
24,Jay Stansfield,https://www.fotmob.com/players/1113816/jay-stansfield,6.62,9879
0,Kepa Arrizabalaga,https://www.fotmob.com/players/317564/kepa-arrizabalaga,6.91,8455
1,Marcus Bettinelli,https://www.fotmob.com/players/363357/marcus-bettinelli,,8455
2,Edouard Mendy,https://www.fotmob.com/players/773229/edouard-mendy,6.25,8455
3,Nathan Baxter,https://www.fotmob.com/players/774332/nathan-baxter,,8455
4,Gabriel Slonina,https://www.fotmob.com/players/1031220/gabriel-slonina,,8455
5,César Azpilicueta,https://www.fotmob.com/players/72541/csar-azpilicueta,6.7,8455
6,Thiago Silva,https://www.fotmob.com/players/80562/thiago-silva,7.23,8455
7,Kalidou Koulibaly,https://www.fotmob.com/players/210428/kalidou-koulibaly,7.18,8455
8,Ben Chilwell,https://www.fotmob.com/players/672469/ben-chilwell,6.93,8455
9,Trevoh Chalobah,https://www.fotmob.com/players/793907/trevoh-chalobah,6.75,8455
10,Reece James,https://www.fotmob.com/players/807729/reece-james,7.41,8455
11,Marc Cucurella,https://www.fotmob.com/players/873289/marc-cucurella,7.02,8455
12,Wesley Fofana,https://www.fotmob.com/players/917802/wesley-fofana,6.9,8455
13,Benoit Badiashile,https://www.fotmob.com/players/955376/benoit-badiashile,7.38,8455
14,Lewis Hall,https://www.fotmob.com/players/1197655/lewis-hall,7.14,8455
15,Mateo Kovacic,https://www.fotmob.com/players/239219/mateo-kovacic,6.93,8455
16,N'Golo Kanté,https://www.fotmob.com/players/319300/ngolo-kant,7.5,8455
17,Denis Zakaria,https://www.fotmob.com/players/598355/denis-zakaria,6.39,8455
18,Ruben Loftus-Cheek,https://www.fotmob.com/players/604982/ruben-loftus-cheek,6.98,8455
19,Mason Mount,https://www.fotmob.com/players/750032/mason-mount,6.91,8455
20,Conor Gallagher,https://www.fotmob.com/players/966027/conor-gallagher,6.67,8455
21,Faustino Anjorin,https://www.fotmob.com/players/983199/faustino-anjorin,,8455
22,Carney Chukwuemeka,https://www.fotmob.com/players/1089685/carney-chukwuemeka,6.67,8455
23,Enzo Fernández,https://www.fotmob.com/players/1137705/enzo-fernndez,7.36,8455
24,Pierre-Emerick Aubameyang,https://www.fotmob.com/players/150565/pierre-emerick-aubameyang,6.25,8455
25,Raheem Sterling,https://www.fotmob.com/players/246575/raheem-sterling,6.94,8455
26,Hakim Ziyech,https://www.fotmob.com/players/360559/hakim-ziyech,6.58,8455
27,Christian Pulisic,https://www.fotmob.com/players/688295/christian-pulisic,6.43,8455
28,Kai Havertz,https://www.fotmob.com/players/749736/kai-havertz,6.9,8455
29,Joao Félix,https://www.fotmob.com/players/794427/joao-flix,6.69,8455
30,Mykhaylo Mudryk,https://www.fotmob.com/players/976506/mykhaylo-mudryk,6.56,8455
31,Armando Broja,https://www.fotmob.com/players/1077975/armando-broja,6.34,8455
32,Noni Madueke,https://www.fotmob.com/players/1084981/noni-madueke,7.0,8455
33,David Datro Fofana,https://www.fotmob.com/players/1207581/david-datro-fofana,6.54,8455
0,Thomas Strakosha,https://www.fotmob.com/players/403049/thomas-strakosha,,9937
1,David Raya,https://www.fotmob.com/players/562727/david-raya,7.17,9937
2,Ellery Balcombe,https://www.fotmob.com/players/806579/ellery-balcombe,,9937
3,Mathias Jørgensen,https://www.fotmob.com/players/71908/mathias-jrgensen,6.69,9937
4,Pontus Jansson,https://www.fotmob.com/players/174031/pontus-jansson,6.61,9937
5,Ben Mee,https://www.fotmob.com/players/240538/ben-mee,7.17,9937
6,Saman Ghoddos,https://www.fotmob.com/players/532220/saman-ghoddos,6.34,9937
7,Kristoffer Ajer,https://www.fotmob.com/players/552718/kristoffer-ajer,6.35,9937
8,Rico Henry,https://www.fotmob.com/players/562892/rico-henry,6.91,9937
9,Charlie Goode,https://www.fotmob.com/players/650647/charlie-goode,,9937
10,Ethan Pinnock,https://www.fotmob.com/players/711357/ethan-pinnock,7.16,9937
11,Mads Roerslev,https://www.fotmob.com/players/803343/mads-roerslev,6.65,9937
12,Aaron Hickey,https://www.fotmob.com/players/1002039/aaron-hickey,6.77,9937
13,Fin Stevens,https://www.fotmob.com/players/1130788/fin-stevens,,9937
14,Christian Nørgaard,https://www.fotmob.com/players/266520/christian-nrgaard,7.32,9937
15,Tariqe Fosu,https://www.fotmob.com/players/575800/tariqe-fosu,,9937
16,Mathias Jensen,https://www.fotmob.com/players/650616/mathias-jensen,7.15,9937
17,Vitaly Janelt,https://www.fotmob.com/players/688273/vitaly-janelt,6.9,9937
18,Joshua Dasilva,https://www.fotmob.com/players/759566/joshua-dasilva,6.56,9937
19,Frank Onyeka,https://www.fotmob.com/players/856685/frank-onyeka,6.58,9937
20,Shandon Baptiste,https://www.fotmob.com/players/865131/shandon-baptiste,6.39,9937
21,Edmond-Paris Maghoma,https://www.fotmob.com/players/886150/edmond-paris-maghoma,,9937
22,Mikkel Damsgaard,https://www.fotmob.com/players/888912/mikkel-damsgaard,6.61,9937
23,Daniel Oyegoke,https://www.fotmob.com/players/1098817/daniel-oyegoke,,9937
24,Ivan Toney,https://www.fotmob.com/players/408987/ivan-toney,7.39,9937
25,Yoane Wissa,https://www.fotmob.com/players/666857/yoane-wissa,6.72,9937
26,Bryan Mbeumo,https://www.fotmob.com/players/923312/bryan-mbeumo,7.12,9937
27,Halil Dervisoglu,https://www.fotmob.com/players/938521/halil-dervisoglu,,9937
28,Keane Lewis-Potter,https://www.fotmob.com/players/1010426/keane-lewis-potter,6.38,9937
29,Kevin Schade,https://www.fotmob.com/players/1083796/kevin-schade,6.6,9937
30,Nathan Young-Coombes,https://www.fotmob.com/players/1112689/nathan-young-coombes,,9937
0,Adrian,https://www.fotmob.com/players/169756/adrian,,8650
1,Alisson Becker,https://www.fotmob.com/players/319784/alisson-becker,7.01,8650
2,Caoimhin Kelleher,https://www.fotmob.com/players/776689/caoimhin-kelleher,6.12,8650
3,Marcelo,https://www.fotmob.com/players/1117148/marcelo,,8650
4,James Milner,https://www.fotmob.com/players/38807/james-milner,,8650
5,Joel Matip,https://www.fotmob.com/players/171698/joel-matip,6.6,8650
6,Virgil van Dijk,https://www.fotmob.com/players/209405/virgil-van-dijk,6.7,8650
7,Andrew Robertson,https://www.fotmob.com/players/357880/andrew-robertson,7.19,8650
8,Joseph Gomez,https://www.fotmob.com/players/568571/joseph-gomez,7.16,8650
9,Konstantinos Tsimikas,https://www.fotmob.com/players/671529/konstantinos-tsimikas,6.99,8650
10,Trent Alexander-Arnold,https://www.fotmob.com/players/760712/trent-alexander-arnold,6.82,8650
11,Ibrahima Konaté,https://www.fotmob.com/players/820140/ibrahima-konat,7.45,8650
12,Nathaniel Phillips,https://www.fotmob.com/players/948567/nathaniel-phillips,7.02,8650
13,Calvin Ramsay,https://www.fotmob.com/players/1076952/calvin-ramsay,7.81,8650
14,Rhys Williams,https://www.fotmob.com/players/1081076/rhys-williams,,8650
15,Jordan Henderson,https://www.fotmob.com/players/156008/jordan-henderson,,8650
16,Thiago Alcántara,https://www.fotmob.com/players/172949/thiago-alcntara,6.94,8650
17,Fabinho,https://www.fotmob.com/players/359188/fabinho,7.16,8650
18,Naby Keita,https://www.fotmob.com/players/508889/naby-keita,7.07,8650
19,Arthur,https://www.fotmob.com/players/654044/arthur,6.38,8650
20,Alexis Mac Allister,https://www.fotmob.com/players/831489/alexis-mac-allister,,8650
21,Curtis Jones,https://www.fotmob.com/players/933768/curtis-jones,7.5,8650
22,Harvey Elliott,https://www.fotmob.com/players/963964/harvey-elliott,7.01,8650
23,Stefan Bajcetic,https://www.fotmob.com/players/1310118/stefan-bajcetic,6.84,8650
24,Alex Oxlade-Chamberlain,https://www.fotmob.com/players/196386/alex-oxlade-chamberlain,6.88,8650
25,Roberto Firmino,https://www.fotmob.com/players/242709/roberto-firmino,6.55,8650
26,Mohamed Salah,https://www.fotmob.com/players/292462/mohamed-salah,7.16,8650
27,Diogo Jota,https://www.fotmob.com/players/570461/diogo-jota,7.46,8650
28,Cody Gakpo,https://www.fotmob.com/players/806552/cody-gakpo,7.03,8650
29,Luis Diaz,https://www.fotmob.com/players/860914/luis-diaz,7.09,8650
30,Darwin Nunez,https://www.fotmob.com/players/950561/darwin-nunez,7.08,8650
31,Fabio Carvalho,https://www.fotmob.com/players/963965/fabio-carvalho,6.97,8650
0,Hugo Lloris,https://www.fotmob.com/players/26295/hugo-lloris,6.62,8586
1,Fraser Forster,https://www.fotmob.com/players/95336/fraser-forster,6.49,8586
2,Alfie Whiteman,https://www.fotmob.com/players/795539/alfie-whiteman,,8586
3,Brandon Austin,https://www.fotmob.com/players/862993/brandon-austin,,8586
4,Ivan Perisic,https://www.fotmob.com/players/163670/ivan-perisic,7.01,8586
5,Ben Davies,https://www.fotmob.com/players/276121/ben-davies,6.83,8586
6,Eric Dier,https://www.fotmob.com/players/361315/eric-dier,6.75,8586
7,Clément Lenglet,https://www.fotmob.com/players/488412/clment-lenglet,6.8,8586
8,Davinson Sánchez,https://www.fotmob.com/players/643533/davinson-snchez,6.64,8586
9,Ryan Sessegnon,https://www.fotmob.com/players/773991/ryan-sessegnon,6.63,8586
10,Cristian Romero,https://www.fotmob.com/players/789066/cristian-romero,7.01,8586
11,Emerson Royal,https://www.fotmob.com/players/797908/emerson-royal,7.06,8586
12,Japhet Tanganga,https://www.fotmob.com/players/873018/japhet-tanganga,6.19,8586
13,Heung-Min Son,https://www.fotmob.com/players/212867/heung-min-son,7.16,8586
14,Pierre-Emile Højbjerg,https://www.fotmob.com/players/266523/pierre-emile-hjbjerg,7.5,8586
15,Rodrigo Bentancur,https://www.fotmob.com/players/620618/rodrigo-bentancur,7.55,8586
16,Richarlison,https://www.fotmob.com/players/654908/richarlison,6.67,8586
17,Yves Bissouma,https://www.fotmob.com/players/724306/yves-bissouma,6.65,8586
18,Oliver Skipp,https://www.fotmob.com/players/873014/oliver-skipp,6.85,8586
19,Dejan Kulusevski,https://www.fotmob.com/players/935379/dejan-kulusevski,7.1,8586
20,Pedro Porro,https://www.fotmob.com/players/941573/pedro-porro,7.3,8586
21,Harvey White,https://www.fotmob.com/players/962026/harvey-white,,8586
22,Pape Sarr,https://www.fotmob.com/players/1107280/pape-sarr,6.61,8586
23,Harry Kane,https://www.fotmob.com/players/194165/harry-kane,7.64,8586
24,Lucas Moura,https://www.fotmob.com/players/215299/lucas-moura,6.35,8586
25,Arnaut Danjuma,https://www.fotmob.com/players/704151/arnaut-danjuma,6.3,8586
26,Troy Parrott,https://www.fotmob.com/players/942365/troy-parrott,,8586
27,Dane Scarlett,https://www.fotmob.com/players/1113753/dane-scarlett,,8586
0,Jason Steele,https://www.fotmob.com/players/107917/jason-steele,6.67,10204
1,Robert Sánchez,https://www.fotmob.com/players/789571/robert-snchez,6.44,10204
2,Thomas McGill,https://www.fotmob.com/players/815080/thomas-mcgill,,10204
3,Lewis Dunk,https://www.fotmob.com/players/201690/lewis-dunk,6.97,10204
4,Adam Webster,https://www.fotmob.com/players/303346/adam-webster,6.92,10204
5,Joel Veltman,https://www.fotmob.com/players/304455/joel-veltman,6.92,10204
6,Pervis Estupinán,https://www.fotmob.com/players/688278/pervis-estupinn,7.1,10204
7,Tariq Lamptey,https://www.fotmob.com/players/955139/tariq-lamptey,6.33,10204
8,Jan Paul van Hecke,https://www.fotmob.com/players/974618/jan-paul-van-hecke,6.52,10204
9,Levi Colwill,https://www.fotmob.com/players/1096400/levi-colwill,6.94,10204
10,Odel Offiah,https://www.fotmob.com/players/1190030/odel-offiah,6.52,10204
11,Adam Lallana,https://www.fotmob.com/players/37234/adam-lallana,6.63,10204
12,Pascal Gross,https://www.fotmob.com/players/167008/pascal-gross,7.29,10204
13,Deniz Undav,https://www.fotmob.com/players/661519/deniz-undav,6.42,10204
14,Taylor Richards,https://www.fotmob.com/players/872970/taylor-richards,,10204
15,Jakub Moder,https://www.fotmob.com/players/891855/jakub-moder,,10204
16,Billy Gilmour,https://www.fotmob.com/players/942549/billy-gilmour,6.7,10204
17,Teddy Jenks,https://www.fotmob.com/players/1049811/teddy-jenks,,10204
18,Julio Enciso,https://www.fotmob.com/players/1073742/julio-enciso,6.85,10204
19,Marc Leonard,https://www.fotmob.com/players/1109757/marc-leonard,,10204
20,Moisés Caicedo,https://www.fotmob.com/players/1137668/moiss-caicedo,7.32,10204
21,Yasin Ayari,https://www.fotmob.com/players/1168311/yasin-ayari,6.23,10204
22,Jeremy Sarmiento,https://www.fotmob.com/players/1298925/jeremy-sarmiento,6.51,10204
23,Facundo Buonanotte,https://www.fotmob.com/players/1336566/facundo-buonanotte,6.42,10204
24,Danny Welbeck,https://www.fotmob.com/players/113836/danny-welbeck,6.83,10204
25,Solly March,https://www.fotmob.com/players/416850/solly-march,7.54,10204
26,Kaoru Mitoma,https://www.fotmob.com/players/862608/kaoru-mitoma,7.32,10204
27,Aaron Connolly,https://www.fotmob.com/players/874617/aaron-connolly,,10204
28,Evan Ferguson,https://www.fotmob.com/players/1068482/evan-ferguson,6.84,10204
0,Vicente Guaita,https://www.fotmob.com/players/109222/vicente-guaita,6.66,9826
1,Sam Johnstone,https://www.fotmob.com/players/280287/sam-johnstone,6.93,9826
2,Remi Matthews,https://www.fotmob.com/players/562726/remi-matthews,,9826
3,James Tomkins,https://www.fotmob.com/players/109897/james-tomkins,6.33,9826
4,Joel Ward,https://www.fotmob.com/players/146830/joel-ward,6.84,9826
5,Nathaniel Clyne,https://www.fotmob.com/players/157838/nathaniel-clyne,6.6,9826
6,Joachim Andersen,https://www.fotmob.com/players/503659/joachim-andersen,7.09,9826
7,Marc Guehi,https://www.fotmob.com/players/844425/marc-guehi,7.02,9826
8,Nathan Ferguson,https://www.fotmob.com/players/883075/nathan-ferguson,,9826
9,Chris Richards,https://www.fotmob.com/players/950829/chris-richards,6.7,9826
10,Tyrick Mitchell,https://www.fotmob.com/players/1120224/tyrick-mitchell,6.9,9826
11,James McArthur,https://www.fotmob.com/players/28901/james-mcarthur,6.32,9826
12,Luka Milivojevic,https://www.fotmob.com/players/163616/luka-milivojevic,6.27,9826
13,Jeffrey Schlupp,https://www.fotmob.com/players/214570/jeffrey-schlupp,6.88,9826
14,Will Hughes,https://www.fotmob.com/players/295067/will-hughes,6.53,9826
15,Jairo Riedewald,https://www.fotmob.com/players/496563/jairo-riedewald,6.6,9826
16,Eberechi Eze,https://www.fotmob.com/players/818975/eberechi-eze,7.27,9826
17,Cheick Oumar Doucouré,https://www.fotmob.com/players/951954/cheick-oumar-doucour,7.12,9826
18,Naouirou Ahamada,https://www.fotmob.com/players/1192854/naouirou-ahamada,6.14,9826
19,Killian Phillips,https://www.fotmob.com/players/1239281/killian-phillips,,9826
20,Jordan Ayew,https://www.fotmob.com/players/154280/jordan-ayew,6.84,9826
21,Wilfried Zaha,https://www.fotmob.com/players/198510/wilfried-zaha,6.9,9826
22,Odsonne Edouard,https://www.fotmob.com/players/637746/odsonne-edouard,6.43,9826
23,Jean-Philippe Mateta,https://www.fotmob.com/players/706297/jean-philippe-mateta,6.15,9826
24,Michael Olise,https://www.fotmob.com/players/1029063/michael-olise,7.25,9826
25,Luke Plange,https://www.fotmob.com/players/1113891/luke-plange,,9826
26,Jesurun Rak-Sakyi,https://www.fotmob.com/players/1226789/jesurun-rak-sakyi,,9826
27,Malcolm Ebiowei,https://www.fotmob.com/players/1308370/malcolm-ebiowei,6.16,9826
0,Joel Robles,https://www.fotmob.com/players/186054/joel-robles,5.94,8463
1,Kristoffer Klaesson,https://www.fotmob.com/players/837268/kristoffer-klaesson,,8463
2,Illan Meslier,https://www.fotmob.com/players/952029/illan-meslier,6.39,8463
3,Liam Cooper,https://www.fotmob.com/players/150591/liam-cooper,6.79,8463
4,Luke Ayling,https://www.fotmob.com/players/190666/luke-ayling,6.74,8463
5,Stuart Dallas,https://www.fotmob.com/players/266146/stuart-dallas,,8463
6,Robin Koch,https://www.fotmob.com/players/628201/robin-koch,6.6,8463
7,Maximilian Wöber,https://www.fotmob.com/players/701149/maximilian-wber,6.82,8463
8,Rasmus Kristensen,https://www.fotmob.com/players/722207/rasmus-kristensen,6.75,8463
9,Junior Firpo,https://www.fotmob.com/players/743192/junior-firpo,6.58,8463
10,Pascal Struijk,https://www.fotmob.com/players/796974/pascal-struijk,6.76,8463
11,Cody Drameh,https://www.fotmob.com/players/962046/cody-drameh,6.79,8463
12,Charlie Cresswell,https://www.fotmob.com/players/1186444/charlie-cresswell,,8463
13,Leo Hjelde,https://www.fotmob.com/players/1222770/leo-hjelde,,8463
14,Adam Forshaw,https://www.fotmob.com/players/191175/adam-forshaw,6.51,8463
15,Marc Roca,https://www.fotmob.com/players/640220/marc-roca,6.72,8463
16,Tyler Adams,https://www.fotmob.com/players/729769/tyler-adams,7.15,8463
17,Brenden Aaronson,https://www.fotmob.com/players/952322/brenden-aaronson,6.54,8463
18,Jamie Shackleton,https://www.fotmob.com/players/955379/jamie-shackleton,,8463
19,Sam Greenwood,https://www.fotmob.com/players/1049805/sam-greenwood,6.41,8463
20,Rodrigo,https://www.fotmob.com/players/193869/rodrigo,6.8,8463
21,Patrick Bamford,https://www.fotmob.com/players/302241/patrick-bamford,6.5,8463
22,Tyler Roberts,https://www.fotmob.com/players/643230/tyler-roberts,,8463
23,Daniel James,https://www.fotmob.com/players/717176/daniel-james,6.47,8463
24,Jack Harrison,https://www.fotmob.com/players/751649/jack-harrison,6.88,8463
25,Luis Sinisterra,https://www.fotmob.com/players/846369/luis-sinisterra,6.78,8463
26,Crysencio Summerville,https://www.fotmob.com/players/941213/crysencio-summerville,6.69,8463
27,Joe Gelhardt,https://www.fotmob.com/players/956161/joe-gelhardt,6.2,8463
28,Georginio Rutter,https://www.fotmob.com/players/956925/georginio-rutter,6.26,8463
29,Ian Poveda,https://www.fotmob.com/players/962075/ian-poveda,,8463
30,Wilfried Gnonto,https://www.fotmob.com/players/1107286/wilfried-gnonto,6.76,8463
0,Matt Turner,https://www.fotmob.com/players/729988/matt-turner,,9825
1,Aaron Ramsdale,https://www.fotmob.com/players/746395/aaron-ramsdale,6.75,9825
2,Kieran Tierney,https://www.fotmob.com/players/582499/kieran-tierney,6.52,9825
3,Ainsley Maitland-Niles,https://www.fotmob.com/players/604089/ainsley-maitland-niles,6.66,9825
4,Oleksandr Zinchenko,https://www.fotmob.com/players/623621/oleksandr-zinchenko,7.27,9825
5,Rob Holding,https://www.fotmob.com/players/626667/rob-holding,6.82,9825
6,Takehiro Tomiyasu,https://www.fotmob.com/players/664444/takehiro-tomiyasu,6.6,9825
7,Ben White,https://www.fotmob.com/players/776151/ben-white,7.16,9825
8,Gabriel,https://www.fotmob.com/players/795179/gabriel,7.16,9825
9,William Saliba,https://www.fotmob.com/players/955406/william-saliba,7.25,9825
10,Jakub Kiwior,https://www.fotmob.com/players/1021834/jakub-kiwior,6.82,9825
11,Granit Xhaka,https://www.fotmob.com/players/207236/granit-xhaka,7.42,9825
12,Jorginho,https://www.fotmob.com/players/282775/jorginho,7.2,9825
13,Mohamed Elneny,https://www.fotmob.com/players/339992/mohamed-elneny,6.59,9825
14,Thomas Partey,https://www.fotmob.com/players/434325/thomas-partey,7.61,9825
15,Martin Ødegaard,https://www.fotmob.com/players/534670/martin-degaard,7.65,9825
16,Emile Smith Rowe,https://www.fotmob.com/players/889534/emile-smith-rowe,6.42,9825
17,Albert Sambi Lokonga,https://www.fotmob.com/players/901495/albert-sambi-lokonga,6.67,9825
18,Fabio Vieira,https://www.fotmob.com/players/1025462/fabio-vieira,6.66,9825
19,Leandro Trossard,https://www.fotmob.com/players/318615/leandro-trossard,7.13,9825
20,Gabriel Jesus,https://www.fotmob.com/players/576165/gabriel-jesus,7.42,9825
21,Reiss Nelson,https://www.fotmob.com/players/748382/reiss-nelson,7.08,9825
22,Edward Nketiah,https://www.fotmob.com/players/860920/edward-nketiah,6.59,9825
23,Bukayo Saka,https://www.fotmob.com/players/961995/bukayo-saka,7.68,9825
24,Gabriel Martinelli,https://www.fotmob.com/players/1021586/gabriel-martinelli,7.42,9825
0,Scott Carson,https://www.fotmob.com/players/36373/scott-carson,,8456
1,Stefan Ortega,https://www.fotmob.com/players/276729/stefan-ortega,7.57,8456
2,Ederson Moraes,https://www.fotmob.com/players/363364/ederson-moraes,6.55,8456
3,Zack Steffen,https://www.fotmob.com/players/533127/zack-steffen,,8456
4,Kyle Walker,https://www.fotmob.com/players/159833/kyle-walker,7.0,8456
5,John Stones,https://www.fotmob.com/players/263653/john-stones,7.13,8456
6,Benjamin Mendy,https://www.fotmob.com/players/280965/benjamin-mendy,,8456
7,Aymeric Laporte,https://www.fotmob.com/players/411617/aymeric-laporte,7.15,8456
8,Nathan Aké,https://www.fotmob.com/players/417068/nathan-ak,7.17,8456
9,Manuel Akanji,https://www.fotmob.com/players/521318/manuel-akanji,7.03,8456
10,Ruben Dias,https://www.fotmob.com/players/614006/ruben-dias,7.19,8456
11,Sergio Gomez,https://www.fotmob.com/players/844477/sergio-gomez,6.63,8456
12,Rico Lewis,https://www.fotmob.com/players/1288450/rico-lewis,6.84,8456
13,Kevin De Bruyne,https://www.fotmob.com/players/169200/kevin-de-bruyne,7.74,8456
14,Ilkay Gündogan,https://www.fotmob.com/players/178818/ilkay-gndogan,7.5,8456
15,Bernardo Silva,https://www.fotmob.com/players/488139/bernardo-silva,7.14,8456
16,Kalvin Phillips,https://www.fotmob.com/players/609755/kalvin-phillips,6.8,8456
17,Rodri,https://www.fotmob.com/players/675088/rodri,7.74,8456
18,Cole Palmer,https://www.fotmob.com/players/1096353/cole-palmer,6.63,8456
19,Maximo Perrone,https://www.fotmob.com/players/1336582/maximo-perrone,6.29,8456
20,Riyad Mahrez,https://www.fotmob.com/players/278343/riyad-mahrez,7.3,8456
21,Jack Grealish,https://www.fotmob.com/players/312765/jack-grealish,7.59,8456
22,Erling Haaland,https://www.fotmob.com/players/737066/erling-haaland,7.76,8456
23,Phil Foden,https://www.fotmob.com/players/815006/phil-foden,7.35,8456
24,Julián Álvarez,https://www.fotmob.com/players/974753/julin-álvarez,6.82,8456
